SN,Gender,Age
Player0,Male,38
Player1,Other/Non-Disclosed,38
Player2,Female,10
Player3,Male,36
Player4,Male,43
Player5,Male,29
Player6,Male,21
Player7,Female,35
Player8,Female,42
Player9,Female,19
Player10,Male,38
Player11,Other/Non-Disclosed,13
Player12,Female,28
Player13,Male,34
Player14,Male,8
Player15,Male,12
Player16,Male,34
Player17,Male,34
Player18,Male,26
Player19,Male,36
Player20,Female,17
Player21,Male,34
Player22,Male,31
Player23,Male,39
Player24,Male,7
Player25,Female,33
Player26,Male,19
Player27,Male,9
Player28,Male,12
Player29,Male,14
Player30,Female,33
Player31,Male,15
Player32,Male,43
Player33,Other/Non-Disclosed,39
Player34,Other/Non-Disclosed,30
Player35,Female,21
Player36,Male,38
Player37,Male,38
Player38,Female,30
Player39,Male,18
Player40,Male,8
Player41,Male,9
Player42,Male,43
Player43,Other/Non-Disclosed,23
Player44,Male,8
Player45,Female,8
Player46,Male,34
Player47,Male,29
Player48,Male,43
Player49,Male,38
Player50,Other/Non-Disclosed,39
Player51,Female,7
Player52,Other/Non-Disclosed,25
Player53,Female,8
Player54,Male,32
Player55,Other/Non-Disclosed,38
Player56,Male,12
Player57,Male,38
Player58,Male,10
Player59,Male,17
Player60,Male,23
Player61,Male,44
Player62,Female,30
Player63,Male,11
Player64,Male,40
Player65,Male,12
Player66,Male,28
Player67,Female,17
Player68,Male,22
Player69,Other/Non-Disclosed,39
Player70,Female,15
Player71,Male,12
Player72,Male,22
Player73,Female,35
Player74,Female,9
Player75,Female,26
Player76,Female,42
Player77,Male,25
Player78,Male,32
Player79,Male,9
Player80,Female,25
Player81,Female,26
Player82,Male,38
Player83,Male,13
Player84,Male,39
Player85,Male,24
Player86,Female,7
Player87,Female,17
Player88,Female,34
Player89,Male,31
Player90,Male,29
Player91,Female,37
Player92,Female,36
Player93,Male,41
Player94,Female,13
Player95,Male,22
Player96,Male,32
Player97,Male,8
Player98,Male,7
Player99,Male,18
